filename,clip,aug
synthbuster/real_RAISE_1k/r05839451t.png,1.5887884,Original
synthbuster/real_RAISE_1k/r05839451t.png,2.642986,Equalize
synthbuster/real_RAISE_1k/r05839451t.png,1.8721713,Gaussian
synthbuster/real_RAISE_1k/r05839451t.png,1.2283,Median
synthbuster/real_RAISE_1k/r05839451t.png,2.2503486,Blur
synthbuster/real_RAISE_1k/r05839451t.png,1.9003456,Resize
synthbuster/real_RAISE_1k/r05839451t.png,1.588735,S-Resolut
synthbuster/real_RAISE_1k/r05839451t.png,1.091322,Grayscale
synthbuster/real_RAISE_1k/r05839451t.png,2.6339426,Compres
synthbuster/real_RAISE_1k/r05839451t.png,1.4988261,Shaprn
synthbuster/real_RAISE_1k/r05839451t.png,2.7640169,Gamma
synthbuster/real_RAISE_1k/r05839451t.png,2.2753632,Wht/Drk
synthbuster/real_RAISE_1k/r05839451t.png,3.9708996,Shadow
synthbuster/dalle2/r05839451t.png,2.3765657,Original
synthbuster/dalle2/r05839451t.png,2.7802753,Equalize
synthbuster/dalle2/r05839451t.png,1.602094,Gaussian
synthbuster/dalle2/r05839451t.png,0.7497184,Median
synthbuster/dalle2/r05839451t.png,2.20109,Blur
synthbuster/dalle2/r05839451t.png,1.826629,Resize
synthbuster/dalle2/r05839451t.png,2.535517,S-Resolut
synthbuster/dalle2/r05839451t.png,1.7174606,Grayscale
synthbuster/dalle2/r05839451t.png,1.2795535,Compres
synthbuster/dalle2/r05839451t.png,1.8804871,Shaprn
synthbuster/dalle2/r05839451t.png,2.6781998,Gamma
synthbuster/dalle2/r05839451t.png,1.9348817,Wht/Drk
synthbuster/dalle2/r05839451t.png,2.8871884,Shadow
synthbuster/dalle3/r05839451t.png,5.0850515,Original
synthbuster/dalle3/r05839451t.png,4.706693,Equalize
synthbuster/dalle3/r05839451t.png,4.895548,Gaussian
synthbuster/dalle3/r05839451t.png,2.5171616,Median
synthbuster/dalle3/r05839451t.png,4.7371564,Blur
synthbuster/dalle3/r05839451t.png,4.5608716,Resize
synthbuster/dalle3/r05839451t.png,5.103384,S-Resolut
synthbuster/dalle3/r05839451t.png,4.665681,Grayscale
synthbuster/dalle3/r05839451t.png,4.037328,Compres
synthbuster/dalle3/r05839451t.png,4.906396,Shaprn
synthbuster/dalle3/r05839451t.png,4.5096517,Gamma
synthbuster/dalle3/r05839451t.png,4.527609,Wht/Drk
synthbuster/dalle3/r05839451t.png,4.69516,Shadow
synthbuster/midjourney-v5/r05839451t.png,3.673681,Original
synthbuster/midjourney-v5/r05839451t.png,3.3368933,Equalize
synthbuster/midjourney-v5/r05839451t.png,3.7016234,Gaussian
synthbuster/midjourney-v5/r05839451t.png,3.037224,Median
synthbuster/midjourney-v5/r05839451t.png,3.1586318,Blur
synthbuster/midjourney-v5/r05839451t.png,3.6768298,Resize
synthbuster/midjourney-v5/r05839451t.png,3.6406274,S-Resolut
synthbuster/midjourney-v5/r05839451t.png,1.9003506,Grayscale
synthbuster/midjourney-v5/r05839451t.png,2.4399369,Compres
synthbuster/midjourney-v5/r05839451t.png,3.675492,Shaprn
synthbuster/midjourney-v5/r05839451t.png,3.2899935,Gamma
synthbuster/midjourney-v5/r05839451t.png,3.126917,Wht/Drk
synthbuster/midjourney-v5/r05839451t.png,4.8607745,Shadow
synthbuster/firefly/r05839451t.png,4.6730194,Original
synthbuster/firefly/r05839451t.png,4.44545,Equalize
synthbuster/firefly/r05839451t.png,4.661272,Gaussian
synthbuster/firefly/r05839451t.png,4.504904,Median
synthbuster/firefly/r05839451t.png,4.780309,Blur
synthbuster/firefly/r05839451t.png,4.0764008,Resize
synthbuster/firefly/r05839451t.png,4.6560087,S-Resolut
synthbuster/firefly/r05839451t.png,3.6639001,Grayscale
synthbuster/firefly/r05839451t.png,3.0163307,Compres
synthbuster/firefly/r05839451t.png,4.502882,Shaprn
synthbuster/firefly/r05839451t.png,4.7093105,Gamma
synthbuster/firefly/r05839451t.png,4.9512796,Wht/Drk
synthbuster/firefly/r05839451t.png,5.444162,Shadow
synthbuster/real_RAISE_1k/r0465565ct.png,-0.7986739,Original
synthbuster/real_RAISE_1k/r0465565ct.png,-0.1799704,Equalize
synthbuster/real_RAISE_1k/r0465565ct.png,-2.47325,Gaussian
synthbuster/real_RAISE_1k/r0465565ct.png,-1.6150838,Median
synthbuster/real_RAISE_1k/r0465565ct.png,-2.4427521,Blur
synthbuster/real_RAISE_1k/r0465565ct.png,-1.4136055,Resize
synthbuster/real_RAISE_1k/r0465565ct.png,-0.7654999,S-Resolut
synthbuster/real_RAISE_1k/r0465565ct.png,-0.2018891,Grayscale
synthbuster/real_RAISE_1k/r0465565ct.png,0.42849115,Compres
synthbuster/real_RAISE_1k/r0465565ct.png,-1.0848391,Shaprn
synthbuster/real_RAISE_1k/r0465565ct.png,-0.47918937,Gamma
synthbuster/real_RAISE_1k/r0465565ct.png,-0.22306566,Wht/Drk
synthbuster/real_RAISE_1k/r0465565ct.png,1.1911339,Shadow
synthbuster/dalle2/r0465565ct.png,1.4945836,Original
synthbuster/dalle2/r0465565ct.png,2.0353954,Equalize
synthbuster/dalle2/r0465565ct.png,1.0100677,Gaussian
synthbuster/dalle2/r0465565ct.png,-0.47093347,Median
synthbuster/dalle2/r0465565ct.png,-0.10203631,Blur
synthbuster/dalle2/r0465565ct.png,0.50165373,Resize
synthbuster/dalle2/r0465565ct.png,1.8248197,S-Resolut
synthbuster/dalle2/r0465565ct.png,0.8587718,Grayscale
synthbuster/dalle2/r0465565ct.png,1.7742677,Compres
synthbuster/dalle2/r0465565ct.png,-0.13674371,Shaprn
synthbuster/dalle2/r0465565ct.png,0.8642597,Gamma
synthbuster/dalle2/r0465565ct.png,0.8108382,Wht/Drk
synthbuster/dalle2/r0465565ct.png,1.9066751,Shadow
synthbuster/dalle3/r0465565ct.png,5.4602222,Original
synthbuster/dalle3/r0465565ct.png,5.3758254,Equalize
synthbuster/dalle3/r0465565ct.png,5.113066,Gaussian
synthbuster/dalle3/r0465565ct.png,3.5306916,Median
synthbuster/dalle3/r0465565ct.png,4.975434,Blur
synthbuster/dalle3/r0465565ct.png,5.029116,Resize
synthbuster/dalle3/r0465565ct.png,5.334018,S-Resolut
synthbuster/dalle3/r0465565ct.png,4.9100356,Grayscale
synthbuster/dalle3/r0465565ct.png,3.185086,Compres
synthbuster/dalle3/r0465565ct.png,5.5304084,Shaprn
synthbuster/dalle3/r0465565ct.png,5.004558,Gamma
synthbuster/dalle3/r0465565ct.png,4.9076176,Wht/Drk
synthbuster/dalle3/r0465565ct.png,4.540583,Shadow
synthbuster/midjourney-v5/r0465565ct.png,1.3348628,Original
synthbuster/midjourney-v5/r0465565ct.png,2.1619887,Equalize
synthbuster/midjourney-v5/r0465565ct.png,-0.45642957,Gaussian
synthbuster/midjourney-v5/r0465565ct.png,-0.15667546,Median
synthbuster/midjourney-v5/r0465565ct.png,-0.9076868,Blur
synthbuster/midjourney-v5/r0465565ct.png,1.3832599,Resize
synthbuster/midjourney-v5/r0465565ct.png,1.760132,S-Resolut
synthbuster/midjourney-v5/r0465565ct.png,1.0214168,Grayscale
synthbuster/midjourney-v5/r0465565ct.png,1.1824721,Compres
synthbuster/midjourney-v5/r0465565ct.png,1.2982479,Shaprn
synthbuster/midjourney-v5/r0465565ct.png,0.49354792,Gamma
synthbuster/midjourney-v5/r0465565ct.png,1.2839717,Wht/Drk
synthbuster/midjourney-v5/r0465565ct.png,3.221101,Shadow
synthbuster/firefly/r0465565ct.png,3.3517709,Original
synthbuster/firefly/r0465565ct.png,2.780606,Equalize
synthbuster/firefly/r0465565ct.png,2.7300928,Gaussian
synthbuster/firefly/r0465565ct.png,2.0399702,Median
synthbuster/firefly/r0465565ct.png,2.225948,Blur
synthbuster/firefly/r0465565ct.png,1.308422,Resize
synthbuster/firefly/r0465565ct.png,3.3602872,S-Resolut
synthbuster/firefly/r0465565ct.png,2.3854349,Grayscale
synthbuster/firefly/r0465565ct.png,1.7096939,Compres
synthbuster/firefly/r0465565ct.png,3.3479922,Shaprn
synthbuster/firefly/r0465565ct.png,2.3785558,Gamma
synthbuster/firefly/r0465565ct.png,2.4354594,Wht/Drk
synthbuster/firefly/r0465565ct.png,3.0828695,Shadow
synthbuster/real_RAISE_1k/r1a877849t.png,-0.31431282,Original
synthbuster/real_RAISE_1k/r1a877849t.png,-0.13346358,Equalize
synthbuster/real_RAISE_1k/r1a877849t.png,-1.2566792,Gaussian
synthbuster/real_RAISE_1k/r1a877849t.png,-0.1456878,Median
synthbuster/real_RAISE_1k/r1a877849t.png,-0.8192083,Blur
synthbuster/real_RAISE_1k/r1a877849t.png,-0.7768283,Resize
synthbuster/real_RAISE_1k/r1a877849t.png,0.6497356,S-Resolut
synthbuster/real_RAISE_1k/r1a877849t.png,0.7404309,Grayscale
synthbuster/real_RAISE_1k/r1a877849t.png,-0.116695404,Compres
synthbuster/real_RAISE_1k/r1a877849t.png,-0.5646857,Shaprn
synthbuster/real_RAISE_1k/r1a877849t.png,0.0537459,Gamma
synthbuster/real_RAISE_1k/r1a877849t.png,-0.33425933,Wht/Drk
synthbuster/real_RAISE_1k/r1a877849t.png,0.49715742,Shadow
synthbuster/dalle2/r1a877849t.png,1.4742099,Original
synthbuster/dalle2/r1a877849t.png,2.404187,Equalize
synthbuster/dalle2/r1a877849t.png,0.6605697,Gaussian
synthbuster/dalle2/r1a877849t.png,1.4820429,Median
synthbuster/dalle2/r1a877849t.png,0.7419076,Blur
synthbuster/dalle2/r1a877849t.png,1.0185572,Resize
synthbuster/dalle2/r1a877849t.png,1.6412146,S-Resolut
synthbuster/dalle2/r1a877849t.png,1.9544784,Grayscale
synthbuster/dalle2/r1a877849t.png,1.9097008,Compres
synthbuster/dalle2/r1a877849t.png,1.277117,Shaprn
synthbuster/dalle2/r1a877849t.png,1.3959557,Gamma
synthbuster/dalle2/r1a877849t.png,1.0835652,Wht/Drk
synthbuster/dalle2/r1a877849t.png,1.0811224,Shadow
synthbuster/dalle3/r1a877849t.png,3.7968714,Original
synthbuster/dalle3/r1a877849t.png,3.240837,Equalize
synthbuster/dalle3/r1a877849t.png,3.79687,Gaussian
synthbuster/dalle3/r1a877849t.png,2.21719,Median
synthbuster/dalle3/r1a877849t.png,3.1698408,Blur
synthbuster/dalle3/r1a877849t.png,2.235742,Resize
synthbuster/dalle3/r1a877849t.png,3.9022095,S-Resolut
synthbuster/dalle3/r1a877849t.png,2.5677044,Grayscale
synthbuster/dalle3/r1a877849t.png,1.4953905,Compres
synthbuster/dalle3/r1a877849t.png,3.684405,Shaprn
synthbuster/dalle3/r1a877849t.png,3.0126228,Gamma
synthbuster/dalle3/r1a877849t.png,3.4332697,Wht/Drk
synthbuster/dalle3/r1a877849t.png,3.6344278,Shadow
synthbuster/midjourney-v5/r1a877849t.png,1.3647193,Original
synthbuster/midjourney-v5/r1a877849t.png,1.7654723,Equalize
synthbuster/midjourney-v5/r1a877849t.png,1.3380629,Gaussian
synthbuster/midjourney-v5/r1a877849t.png,0.54763746,Median
synthbuster/midjourney-v5/r1a877849t.png,1.1205689,Blur
synthbuster/midjourney-v5/r1a877849t.png,1.087296,Resize
synthbuster/midjourney-v5/r1a877849t.png,1.3044538,S-Resolut
synthbuster/midjourney-v5/r1a877849t.png,1.0023115,Grayscale
synthbuster/midjourney-v5/r1a877849t.png,0.12623824,Compres
synthbuster/midjourney-v5/r1a877849t.png,1.3652247,Shaprn
synthbuster/midjourney-v5/r1a877849t.png,0.30139878,Gamma
synthbuster/midjourney-v5/r1a877849t.png,1.0953954,Wht/Drk
synthbuster/midjourney-v5/r1a877849t.png,2.650443,Shadow
synthbuster/firefly/r1a877849t.png,1.893172,Original
synthbuster/firefly/r1a877849t.png,2.0340254,Equalize
synthbuster/firefly/r1a877849t.png,1.8932189,Gaussian
synthbuster/firefly/r1a877849t.png,1.377222,Median
synthbuster/firefly/r1a877849t.png,0.61689776,Blur
synthbuster/firefly/r1a877849t.png,0.3501968,Resize
synthbuster/firefly/r1a877849t.png,1.836124,S-Resolut
synthbuster/firefly/r1a877849t.png,1.1805528,Grayscale
synthbuster/firefly/r1a877849t.png,0.95312864,Compres
synthbuster/firefly/r1a877849t.png,1.8623792,Shaprn
synthbuster/firefly/r1a877849t.png,0.49736348,Gamma
synthbuster/firefly/r1a877849t.png,0.48296878,Wht/Drk
synthbuster/firefly/r1a877849t.png,2.5421758,Shadow
synthbuster/real_RAISE_1k/r128dfb38t.png,-1.0350823,Original
synthbuster/real_RAISE_1k/r128dfb38t.png,0.11175251,Equalize
synthbuster/real_RAISE_1k/r128dfb38t.png,-1.8262142,Gaussian
synthbuster/real_RAISE_1k/r128dfb38t.png,-0.1688836,Median
synthbuster/real_RAISE_1k/r128dfb38t.png,-1.3203684,Blur
synthbuster/real_RAISE_1k/r128dfb38t.png,-0.9606939,Resize
synthbuster/real_RAISE_1k/r128dfb38t.png,-1.122202,S-Resolut
synthbuster/real_RAISE_1k/r128dfb38t.png,-0.2586211,Grayscale
synthbuster/real_RAISE_1k/r128dfb38t.png,0.5527129,Compres
synthbuster/real_RAISE_1k/r128dfb38t.png,-1.1893148,Shaprn
synthbuster/real_RAISE_1k/r128dfb38t.png,-0.8590369,Gamma
synthbuster/real_RAISE_1k/r128dfb38t.png,-0.2497585,Wht/Drk
synthbuster/real_RAISE_1k/r128dfb38t.png,0.9578034,Shadow
synthbuster/dalle2/r128dfb38t.png,1.7034038,Original
synthbuster/dalle2/r128dfb38t.png,1.5959196,Equalize
synthbuster/dalle2/r128dfb38t.png,-0.72560406,Gaussian
synthbuster/dalle2/r128dfb38t.png,-0.34752312,Median
synthbuster/dalle2/r128dfb38t.png,-0.5029216,Blur
synthbuster/dalle2/r128dfb38t.png,0.30573723,Resize
synthbuster/dalle2/r128dfb38t.png,1.9146606,S-Resolut
synthbuster/dalle2/r128dfb38t.png,1.3549773,Grayscale
synthbuster/dalle2/r128dfb38t.png,1.0361782,Compres
synthbuster/dalle2/r128dfb38t.png,0.079955086,Shaprn
synthbuster/dalle2/r128dfb38t.png,1.3880748,Gamma
synthbuster/dalle2/r128dfb38t.png,1.3790064,Wht/Drk
synthbuster/dalle2/r128dfb38t.png,1.8873118,Shadow
synthbuster/dalle3/r128dfb38t.png,3.1750898,Original
synthbuster/dalle3/r128dfb38t.png,3.4072866,Equalize
synthbuster/dalle3/r128dfb38t.png,3.1736703,Gaussian
synthbuster/dalle3/r128dfb38t.png,1.6985492,Median
synthbuster/dalle3/r128dfb38t.png,2.3555584,Blur
synthbuster/dalle3/r128dfb38t.png,2.3211145,Resize
synthbuster/dalle3/r128dfb38t.png,2.7593234,S-Resolut
synthbuster/dalle3/r128dfb38t.png,1.5205063,Grayscale
synthbuster/dalle3/r128dfb38t.png,0.9984287,Compres
synthbuster/dalle3/r128dfb38t.png,3.2805917,Shaprn
synthbuster/dalle3/r128dfb38t.png,3.2379096,Gamma
synthbuster/dalle3/r128dfb38t.png,3.150842,Wht/Drk
synthbuster/dalle3/r128dfb38t.png,3.3402905,Shadow
synthbuster/midjourney-v5/r128dfb38t.png,2.1233144,Original
synthbuster/midjourney-v5/r128dfb38t.png,2.1451123,Equalize
synthbuster/midjourney-v5/r128dfb38t.png,2.1233082,Gaussian
synthbuster/midjourney-v5/r128dfb38t.png,0.56680155,Median
synthbuster/midjourney-v5/r128dfb38t.png,0.79780084,Blur
synthbuster/midjourney-v5/r128dfb38t.png,0.8262238,Resize
synthbuster/midjourney-v5/r128dfb38t.png,1.9589728,S-Resolut
synthbuster/midjourney-v5/r128dfb38t.png,1.0317266,Grayscale
synthbuster/midjourney-v5/r128dfb38t.png,0.91780937,Compres
synthbuster/midjourney-v5/r128dfb38t.png,1.9531645,Shaprn
synthbuster/midjourney-v5/r128dfb38t.png,2.4277759,Gamma
synthbuster/midjourney-v5/r128dfb38t.png,2.5052936,Wht/Drk
synthbuster/midjourney-v5/r128dfb38t.png,3.2362843,Shadow
synthbuster/firefly/r128dfb38t.png,1.5123782,Original
synthbuster/firefly/r128dfb38t.png,2.1131413,Equalize
synthbuster/firefly/r128dfb38t.png,0.013645321,Gaussian
synthbuster/firefly/r128dfb38t.png,0.5474293,Median
synthbuster/firefly/r128dfb38t.png,-0.3014774,Blur
synthbuster/firefly/r128dfb38t.png,0.076304436,Resize
synthbuster/firefly/r128dfb38t.png,1.4328926,S-Resolut
synthbuster/firefly/r128dfb38t.png,1.2125216,Grayscale
synthbuster/firefly/r128dfb38t.png,1.8384672,Compres
synthbuster/firefly/r128dfb38t.png,1.522493,Shaprn
synthbuster/firefly/r128dfb38t.png,0.7770286,Gamma
synthbuster/firefly/r128dfb38t.png,0.8338685,Wht/Drk
synthbuster/firefly/r128dfb38t.png,1.6651417,Shadow
synthbuster/real_RAISE_1k/r116fa8b7t.png,0.36507374,Original
synthbuster/real_RAISE_1k/r116fa8b7t.png,2.0044808,Equalize
synthbuster/real_RAISE_1k/r116fa8b7t.png,-0.72427285,Gaussian
synthbuster/real_RAISE_1k/r116fa8b7t.png,0.33341622,Median
synthbuster/real_RAISE_1k/r116fa8b7t.png,-0.7064536,Blur
synthbuster/real_RAISE_1k/r116fa8b7t.png,0.99456376,Resize
synthbuster/real_RAISE_1k/r116fa8b7t.png,0.43806216,S-Resolut
synthbuster/real_RAISE_1k/r116fa8b7t.png,0.19710256,Grayscale
synthbuster/real_RAISE_1k/r116fa8b7t.png,0.8408454,Compres
synthbuster/real_RAISE_1k/r116fa8b7t.png,0.09836662,Shaprn
synthbuster/real_RAISE_1k/r116fa8b7t.png,0.19308557,Gamma
synthbuster/real_RAISE_1k/r116fa8b7t.png,0.93043053,Wht/Drk
synthbuster/real_RAISE_1k/r116fa8b7t.png,1.1158859,Shadow
synthbuster/dalle2/r116fa8b7t.png,1.0441507,Original
synthbuster/dalle2/r116fa8b7t.png,-0.021498393,Equalize
synthbuster/dalle2/r116fa8b7t.png,-0.6661508,Gaussian
synthbuster/dalle2/r116fa8b7t.png,-0.48495963,Median
synthbuster/dalle2/r116fa8b7t.png,-0.5793159,Blur
synthbuster/dalle2/r116fa8b7t.png,-0.1348099,Resize
synthbuster/dalle2/r116fa8b7t.png,0.9210123,S-Resolut
synthbuster/dalle2/r116fa8b7t.png,0.20195867,Grayscale
synthbuster/dalle2/r116fa8b7t.png,-0.38495582,Compres
synthbuster/dalle2/r116fa8b7t.png,1.1053982,Shaprn
synthbuster/dalle2/r116fa8b7t.png,0.95037216,Gamma
synthbuster/dalle2/r116fa8b7t.png,0.6551502,Wht/Drk
synthbuster/dalle2/r116fa8b7t.png,0.83900726,Shadow
synthbuster/dalle3/r116fa8b7t.png,3.380583,Original
synthbuster/dalle3/r116fa8b7t.png,2.9974291,Equalize
synthbuster/dalle3/r116fa8b7t.png,3.7420547,Gaussian
synthbuster/dalle3/r116fa8b7t.png,2.034138,Median
synthbuster/dalle3/r116fa8b7t.png,2.4846563,Blur
synthbuster/dalle3/r116fa8b7t.png,2.9404392,Resize
synthbuster/dalle3/r116fa8b7t.png,3.0889626,S-Resolut
synthbuster/dalle3/r116fa8b7t.png,3.2586658,Grayscale
synthbuster/dalle3/r116fa8b7t.png,3.2430215,Compres
synthbuster/dalle3/r116fa8b7t.png,3.7072616,Shaprn
synthbuster/dalle3/r116fa8b7t.png,3.3427317,Gamma
synthbuster/dalle3/r116fa8b7t.png,3.2308173,Wht/Drk
synthbuster/dalle3/r116fa8b7t.png,3.2065065,Shadow
synthbuster/midjourney-v5/r116fa8b7t.png,1.3434157,Original
synthbuster/midjourney-v5/r116fa8b7t.png,1.2786686,Equalize
synthbuster/midjourney-v5/r116fa8b7t.png,0.0699768,Gaussian
synthbuster/midjourney-v5/r116fa8b7t.png,0.17079554,Median
synthbuster/midjourney-v5/r116fa8b7t.png,-0.032170724,Blur
synthbuster/midjourney-v5/r116fa8b7t.png,0.5171295,Resize
synthbuster/midjourney-v5/r116fa8b7t.png,1.3732845,S-Resolut
synthbuster/midjourney-v5/r116fa8b7t.png,0.32257,Grayscale
synthbuster/midjourney-v5/r116fa8b7t.png,0.4799763,Compres
synthbuster/midjourney-v5/r116fa8b7t.png,0.7739029,Shaprn
synthbuster/midjourney-v5/r116fa8b7t.png,1.343156,Gamma
synthbuster/midjourney-v5/r116fa8b7t.png,0.92179203,Wht/Drk
synthbuster/midjourney-v5/r116fa8b7t.png,0.047446698,Shadow
synthbuster/firefly/r116fa8b7t.png,1.1800064,Original
synthbuster/firefly/r116fa8b7t.png,0.3195561,Equalize
synthbuster/firefly/r116fa8b7t.png,0.997563,Gaussian
synthbuster/firefly/r116fa8b7t.png,0.87609327,Median
synthbuster/firefly/r116fa8b7t.png,-0.4612137,Blur
synthbuster/firefly/r116fa8b7t.png,0.14481002,Resize
synthbuster/firefly/r116fa8b7t.png,1.2133685,S-Resolut
synthbuster/firefly/r116fa8b7t.png,0.56290483,Grayscale
synthbuster/firefly/r116fa8b7t.png,1.2964731,Compres
synthbuster/firefly/r116fa8b7t.png,1.2029064,Shaprn
synthbuster/firefly/r116fa8b7t.png,1.2220619,Gamma
synthbuster/firefly/r116fa8b7t.png,0.8730809,Wht/Drk
synthbuster/firefly/r116fa8b7t.png,1.120422,Shadow
synthbuster/real_RAISE_1k/r14a595b6t.png,1.316121,Original
synthbuster/real_RAISE_1k/r14a595b6t.png,1.1262271,Equalize
synthbuster/real_RAISE_1k/r14a595b6t.png,-0.06946105,Gaussian
synthbuster/real_RAISE_1k/r14a595b6t.png,0.32658216,Median
synthbuster/real_RAISE_1k/r14a595b6t.png,-0.083661094,Blur
synthbuster/real_RAISE_1k/r14a595b6t.png,0.62852496,Resize
synthbuster/real_RAISE_1k/r14a595b6t.png,1.5685443,S-Resolut
synthbuster/real_RAISE_1k/r14a595b6t.png,0.59708434,Grayscale
synthbuster/real_RAISE_1k/r14a595b6t.png,0.5434571,Compres
synthbuster/real_RAISE_1k/r14a595b6t.png,1.2684877,Shaprn
synthbuster/real_RAISE_1k/r14a595b6t.png,1.2483851,Gamma
synthbuster/real_RAISE_1k/r14a595b6t.png,1.9647001,Wht/Drk
synthbuster/real_RAISE_1k/r14a595b6t.png,2.0915227,Shadow
synthbuster/dalle2/r14a595b6t.png,1.8996266,Original
synthbuster/dalle2/r14a595b6t.png,2.3342433,Equalize
synthbuster/dalle2/r14a595b6t.png,0.14348646,Gaussian
synthbuster/dalle2/r14a595b6t.png,-0.28359175,Median
synthbuster/dalle2/r14a595b6t.png,0.3156904,Blur
synthbuster/dalle2/r14a595b6t.png,0.7711868,Resize
synthbuster/dalle2/r14a595b6t.png,1.9831016,S-Resolut
synthbuster/dalle2/r14a595b6t.png,0.3679367,Grayscale
synthbuster/dalle2/r14a595b6t.png,0.52547216,Compres
synthbuster/dalle2/r14a595b6t.png,1.8403374,Shaprn
synthbuster/dalle2/r14a595b6t.png,1.0178752,Gamma
synthbuster/dalle2/r14a595b6t.png,2.5080361,Wht/Drk
synthbuster/dalle2/r14a595b6t.png,1.571161,Shadow
synthbuster/dalle3/r14a595b6t.png,2.6897426,Original
synthbuster/dalle3/r14a595b6t.png,1.9321505,Equalize
synthbuster/dalle3/r14a595b6t.png,2.4691038,Gaussian
synthbuster/dalle3/r14a595b6t.png,2.2826076,Median
synthbuster/dalle3/r14a595b6t.png,2.31496,Blur
synthbuster/dalle3/r14a595b6t.png,2.0203462,Resize
synthbuster/dalle3/r14a595b6t.png,2.7874248,S-Resolut
synthbuster/dalle3/r14a595b6t.png,1.7685075,Grayscale
synthbuster/dalle3/r14a595b6t.png,1.0725142,Compres
synthbuster/dalle3/r14a595b6t.png,2.596926,Shaprn
synthbuster/dalle3/r14a595b6t.png,1.8458921,Gamma
synthbuster/dalle3/r14a595b6t.png,2.03036,Wht/Drk
synthbuster/dalle3/r14a595b6t.png,2.8153098,Shadow
synthbuster/midjourney-v5/r14a595b6t.png,0.57523453,Original
synthbuster/midjourney-v5/r14a595b6t.png,0.40662086,Equalize
synthbuster/midjourney-v5/r14a595b6t.png,0.8588561,Gaussian
synthbuster/midjourney-v5/r14a595b6t.png,0.90121275,Median
synthbuster/midjourney-v5/r14a595b6t.png,0.90003115,Blur
synthbuster/midjourney-v5/r14a595b6t.png,0.08376223,Resize
synthbuster/midjourney-v5/r14a595b6t.png,0.77847934,S-Resolut
synthbuster/midjourney-v5/r14a595b6t.png,1.2614752,Grayscale
synthbuster/midjourney-v5/r14a595b6t.png,0.3414527,Compres
synthbuster/midjourney-v5/r14a595b6t.png,0.60209924,Shaprn
synthbuster/midjourney-v5/r14a595b6t.png,0.5646688,Gamma
synthbuster/midjourney-v5/r14a595b6t.png,0.79900336,Wht/Drk
synthbuster/midjourney-v5/r14a595b6t.png,1.9916902,Shadow
synthbuster/firefly/r14a595b6t.png,3.8474214,Original
synthbuster/firefly/r14a595b6t.png,3.5116713,Equalize
synthbuster/firefly/r14a595b6t.png,3.84742,Gaussian
synthbuster/firefly/r14a595b6t.png,3.5997477,Median
synthbuster/firefly/r14a595b6t.png,3.0403738,Blur
synthbuster/firefly/r14a595b6t.png,2.4906247,Resize
synthbuster/firefly/r14a595b6t.png,3.8868313,S-Resolut
synthbuster/firefly/r14a595b6t.png,2.6413374,Grayscale
synthbuster/firefly/r14a595b6t.png,2.5898182,Compres
synthbuster/firefly/r14a595b6t.png,3.8277473,Shaprn
synthbuster/firefly/r14a595b6t.png,2.3272066,Gamma
synthbuster/firefly/r14a595b6t.png,3.794707,Wht/Drk
synthbuster/firefly/r14a595b6t.png,4.018885,Shadow
synthbuster/real_RAISE_1k/r13073518t.png,-0.11092155,Original
synthbuster/real_RAISE_1k/r13073518t.png,0.20694123,Equalize
synthbuster/real_RAISE_1k/r13073518t.png,-0.57321674,Gaussian
synthbuster/real_RAISE_1k/r13073518t.png,-0.6535651,Median
synthbuster/real_RAISE_1k/r13073518t.png,-0.56183183,Blur
synthbuster/real_RAISE_1k/r13073518t.png,-0.05930564,Resize
synthbuster/real_RAISE_1k/r13073518t.png,0.16628395,S-Resolut
synthbuster/real_RAISE_1k/r13073518t.png,0.50857306,Grayscale
synthbuster/real_RAISE_1k/r13073518t.png,-0.009437904,Compres
synthbuster/real_RAISE_1k/r13073518t.png,-0.19055766,Shaprn
synthbuster/real_RAISE_1k/r13073518t.png,0.11804439,Gamma
synthbuster/real_RAISE_1k/r13073518t.png,0.038513172,Wht/Drk
synthbuster/real_RAISE_1k/r13073518t.png,0.8153462,Shadow
synthbuster/dalle2/r13073518t.png,-0.21562092,Original
synthbuster/dalle2/r13073518t.png,-0.7137182,Equalize
synthbuster/dalle2/r13073518t.png,-1.8461334,Gaussian
synthbuster/dalle2/r13073518t.png,-1.6404735,Median
synthbuster/dalle2/r13073518t.png,-1.0464617,Blur
synthbuster/dalle2/r13073518t.png,-0.9622038,Resize
synthbuster/dalle2/r13073518t.png,0.31584105,S-Resolut
synthbuster/dalle2/r13073518t.png,-0.14415327,Grayscale
synthbuster/dalle2/r13073518t.png,-0.8584078,Compres
synthbuster/dalle2/r13073518t.png,-0.9617347,Shaprn
synthbuster/dalle2/r13073518t.png,-1.2476666,Gamma
synthbuster/dalle2/r13073518t.png,-0.07962917,Wht/Drk
synthbuster/dalle2/r13073518t.png,0.11659931,Shadow
synthbuster/dalle3/r13073518t.png,3.31842,Original
synthbuster/dalle3/r13073518t.png,2.901876,Equalize
synthbuster/dalle3/r13073518t.png,3.31842,Gaussian
synthbuster/dalle3/r13073518t.png,1.4779044,Median
synthbuster/dalle3/r13073518t.png,2.2857845,Blur
synthbuster/dalle3/r13073518t.png,1.8511896,Resize
synthbuster/dalle3/r13073518t.png,3.3212764,S-Resolut
synthbuster/dalle3/r13073518t.png,2.4042902,Grayscale
synthbuster/dalle3/r13073518t.png,1.240524,Compres
synthbuster/dalle3/r13073518t.png,3.263786,Shaprn
synthbuster/dalle3/r13073518t.png,2.7668753,Gamma
synthbuster/dalle3/r13073518t.png,3.1212606,Wht/Drk
synthbuster/dalle3/r13073518t.png,3.0943573,Shadow
synthbuster/midjourney-v5/r13073518t.png,1.5471458,Original
synthbuster/midjourney-v5/r13073518t.png,1.124933,Equalize
synthbuster/midjourney-v5/r13073518t.png,1.3588551,Gaussian
synthbuster/midjourney-v5/r13073518t.png,0.9263303,Median
synthbuster/midjourney-v5/r13073518t.png,0.9207701,Blur
synthbuster/midjourney-v5/r13073518t.png,1.1387086,Resize
synthbuster/midjourney-v5/r13073518t.png,1.661739,S-Resolut
synthbuster/midjourney-v5/r13073518t.png,0.7915758,Grayscale
synthbuster/midjourney-v5/r13073518t.png,0.27520785,Compres
synthbuster/midjourney-v5/r13073518t.png,1.5626284,Shaprn
synthbuster/midjourney-v5/r13073518t.png,1.2624695,Gamma
synthbuster/midjourney-v5/r13073518t.png,1.2215724,Wht/Drk
synthbuster/midjourney-v5/r13073518t.png,2.327169,Shadow
synthbuster/firefly/r13073518t.png,2.9595077,Original
synthbuster/firefly/r13073518t.png,3.6830685,Equalize
synthbuster/firefly/r13073518t.png,2.4182103,Gaussian
synthbuster/firefly/r13073518t.png,2.2734442,Median
synthbuster/firefly/r13073518t.png,1.5051525,Blur
synthbuster/firefly/r13073518t.png,1.7649306,Resize
synthbuster/firefly/r13073518t.png,2.973995,S-Resolut
synthbuster/firefly/r13073518t.png,3.1282427,Grayscale
synthbuster/firefly/r13073518t.png,1.9692165,Compres
synthbuster/firefly/r13073518t.png,2.941074,Shaprn
synthbuster/firefly/r13073518t.png,2.8141239,Gamma
synthbuster/firefly/r13073518t.png,3.0035393,Wht/Drk
synthbuster/firefly/r13073518t.png,3.2568023,Shadow
synthbuster/real_RAISE_1k/r038922cbt.png,-0.65973884,Original
synthbuster/real_RAISE_1k/r038922cbt.png,0.73003227,Equalize
synthbuster/real_RAISE_1k/r038922cbt.png,-0.7340098,Gaussian
synthbuster/real_RAISE_1k/r038922cbt.png,-0.73421234,Median
synthbuster/real_RAISE_1k/r038922cbt.png,-0.52996755,Blur
synthbuster/real_RAISE_1k/r038922cbt.png,-0.37151274,Resize
synthbuster/real_RAISE_1k/r038922cbt.png,-0.6581332,S-Resolut
synthbuster/real_RAISE_1k/r038922cbt.png,0.42805448,Grayscale
synthbuster/real_RAISE_1k/r038922cbt.png,0.2502831,Compres
synthbuster/real_RAISE_1k/r038922cbt.png,-0.7335636,Shaprn
synthbuster/real_RAISE_1k/r038922cbt.png,-0.19720541,Gamma
synthbuster/real_RAISE_1k/r038922cbt.png,-0.36863607,Wht/Drk
synthbuster/real_RAISE_1k/r038922cbt.png,0.7320044,Shadow
synthbuster/dalle2/r038922cbt.png,1.8197057,Original
synthbuster/dalle2/r038922cbt.png,1.0755693,Equalize
synthbuster/dalle2/r038922cbt.png,1.8197057,Gaussian
synthbuster/dalle2/r038922cbt.png,0.7769624,Median
synthbuster/dalle2/r038922cbt.png,0.9263234,Blur
synthbuster/dalle2/r038922cbt.png,1.0827836,Resize
synthbuster/dalle2/r038922cbt.png,1.7933097,S-Resolut
synthbuster/dalle2/r038922cbt.png,0.71936953,Grayscale
synthbuster/dalle2/r038922cbt.png,0.7641251,Compres
synthbuster/dalle2/r038922cbt.png,1.8266231,Shaprn
synthbuster/dalle2/r038922cbt.png,1.4690392,Gamma
synthbuster/dalle2/r038922cbt.png,1.4582417,Wht/Drk
synthbuster/dalle2/r038922cbt.png,1.3053168,Shadow
synthbuster/dalle3/r038922cbt.png,1.3160949,Original
synthbuster/dalle3/r038922cbt.png,0.5394053,Equalize
synthbuster/dalle3/r038922cbt.png,1.0529345,Gaussian
synthbuster/dalle3/r038922cbt.png,0.49841818,Median
synthbuster/dalle3/r038922cbt.png,0.43299267,Blur
synthbuster/dalle3/r038922cbt.png,0.82523173,Resize
synthbuster/dalle3/r038922cbt.png,1.1283867,S-Resolut
synthbuster/dalle3/r038922cbt.png,0.9267714,Grayscale
synthbuster/dalle3/r038922cbt.png,0.47317708,Compres
synthbuster/dalle3/r038922cbt.png,1.2019765,Shaprn
synthbuster/dalle3/r038922cbt.png,0.5423314,Gamma
synthbuster/dalle3/r038922cbt.png,1.0517952,Wht/Drk
synthbuster/dalle3/r038922cbt.png,1.3008369,Shadow
synthbuster/midjourney-v5/r038922cbt.png,0.2859703,Original
synthbuster/midjourney-v5/r038922cbt.png,0.4914548,Equalize
synthbuster/midjourney-v5/r038922cbt.png,0.5307063,Gaussian
synthbuster/midjourney-v5/r038922cbt.png,0.023641476,Median
synthbuster/midjourney-v5/r038922cbt.png,0.46610767,Blur
synthbuster/midjourney-v5/r038922cbt.png,0.3469083,Resize
synthbuster/midjourney-v5/r038922cbt.png,0.44544703,S-Resolut
synthbuster/midjourney-v5/r038922cbt.png,0.76254034,Grayscale
synthbuster/midjourney-v5/r038922cbt.png,0.6164466,Compres
synthbuster/midjourney-v5/r038922cbt.png,0.27781665,Shaprn
synthbuster/midjourney-v5/r038922cbt.png,0.0293914,Gamma
synthbuster/midjourney-v5/r038922cbt.png,0.33953884,Wht/Drk
synthbuster/midjourney-v5/r038922cbt.png,0.94262433,Shadow
synthbuster/firefly/r038922cbt.png,1.6177262,Original
synthbuster/firefly/r038922cbt.png,1.171674,Equalize
synthbuster/firefly/r038922cbt.png,1.6178997,Gaussian
synthbuster/firefly/r038922cbt.png,0.14829792,Median
synthbuster/firefly/r038922cbt.png,-0.18218583,Blur
synthbuster/firefly/r038922cbt.png,0.09984137,Resize
synthbuster/firefly/r038922cbt.png,1.5975308,S-Resolut
synthbuster/firefly/r038922cbt.png,0.069019884,Grayscale
synthbuster/firefly/r038922cbt.png,-0.029429618,Compres
synthbuster/firefly/r038922cbt.png,1.465132,Shaprn
synthbuster/firefly/r038922cbt.png,0.89166945,Gamma
synthbuster/firefly/r038922cbt.png,1.1038553,Wht/Drk
synthbuster/firefly/r038922cbt.png,1.795316,Shadow
synthbuster/real_RAISE_1k/r162b2209t.png,1.1615986,Original
synthbuster/real_RAISE_1k/r162b2209t.png,1.462977,Equalize
synthbuster/real_RAISE_1k/r162b2209t.png,0.22935772,Gaussian
synthbuster/real_RAISE_1k/r162b2209t.png,0.74069,Median
synthbuster/real_RAISE_1k/r162b2209t.png,0.19205438,Blur
synthbuster/real_RAISE_1k/r162b2209t.png,0.9039724,Resize
synthbuster/real_RAISE_1k/r162b2209t.png,1.0691873,S-Resolut
synthbuster/real_RAISE_1k/r162b2209t.png,0.762117,Grayscale
synthbuster/real_RAISE_1k/r162b2209t.png,0.5780571,Compres
synthbuster/real_RAISE_1k/r162b2209t.png,0.9337703,Shaprn
synthbuster/real_RAISE_1k/r162b2209t.png,1.696831,Gamma
synthbuster/real_RAISE_1k/r162b2209t.png,1.8026736,Wht/Drk
synthbuster/real_RAISE_1k/r162b2209t.png,1.4286996,Shadow
synthbuster/dalle2/r162b2209t.png,2.380387,Original
synthbuster/dalle2/r162b2209t.png,2.7645705,Equalize
synthbuster/dalle2/r162b2209t.png,2.3619015,Gaussian
synthbuster/dalle2/r162b2209t.png,1.0044342,Median
synthbuster/dalle2/r162b2209t.png,1.1913527,Blur
synthbuster/dalle2/r162b2209t.png,1.2687201,Resize
synthbuster/dalle2/r162b2209t.png,2.6880481,S-Resolut
synthbuster/dalle2/r162b2209t.png,1.7237216,Grayscale
synthbuster/dalle2/r162b2209t.png,1.8479432,Compres
synthbuster/dalle2/r162b2209t.png,2.1580594,Shaprn
synthbuster/dalle2/r162b2209t.png,1.7952169,Gamma
synthbuster/dalle2/r162b2209t.png,2.4411542,Wht/Drk
synthbuster/dalle2/r162b2209t.png,2.5728421,Shadow
synthbuster/dalle3/r162b2209t.png,6.015601,Original
synthbuster/dalle3/r162b2209t.png,5.8728876,Equalize
synthbuster/dalle3/r162b2209t.png,6.0205107,Gaussian
synthbuster/dalle3/r162b2209t.png,4.2723804,Median
synthbuster/dalle3/r162b2209t.png,5.303529,Blur
synthbuster/dalle3/r162b2209t.png,5.4706554,Resize
synthbuster/dalle3/r162b2209t.png,5.970226,S-Resolut
synthbuster/dalle3/r162b2209t.png,6.055339,Grayscale
synthbuster/dalle3/r162b2209t.png,4.0114627,Compres
synthbuster/dalle3/r162b2209t.png,6.0267997,Shaprn
synthbuster/dalle3/r162b2209t.png,6.290195,Gamma
synthbuster/dalle3/r162b2209t.png,5.5801573,Wht/Drk
synthbuster/dalle3/r162b2209t.png,6.0428033,Shadow
synthbuster/midjourney-v5/r162b2209t.png,2.339638,Original
synthbuster/midjourney-v5/r162b2209t.png,2.3474696,Equalize
synthbuster/midjourney-v5/r162b2209t.png,1.4285287,Gaussian
synthbuster/midjourney-v5/r162b2209t.png,1.3831278,Median
synthbuster/midjourney-v5/r162b2209t.png,0.9867264,Blur
synthbuster/midjourney-v5/r162b2209t.png,1.251088,Resize
synthbuster/midjourney-v5/r162b2209t.png,2.6377885,S-Resolut
synthbuster/midjourney-v5/r162b2209t.png,1.3421867,Grayscale
synthbuster/midjourney-v5/r162b2209t.png,1.378452,Compres
synthbuster/midjourney-v5/r162b2209t.png,2.1221013,Shaprn
synthbuster/midjourney-v5/r162b2209t.png,2.2765868,Gamma
synthbuster/midjourney-v5/r162b2209t.png,1.7531346,Wht/Drk
synthbuster/midjourney-v5/r162b2209t.png,2.0421965,Shadow
synthbuster/firefly/r162b2209t.png,4.2247677,Original
synthbuster/firefly/r162b2209t.png,2.6412132,Equalize
synthbuster/firefly/r162b2209t.png,4.1510897,Gaussian
synthbuster/firefly/r162b2209t.png,3.3605993,Median
synthbuster/firefly/r162b2209t.png,3.2808096,Blur
synthbuster/firefly/r162b2209t.png,2.7955396,Resize
synthbuster/firefly/r162b2209t.png,4.2370243,S-Resolut
synthbuster/firefly/r162b2209t.png,3.1017268,Grayscale
synthbuster/firefly/r162b2209t.png,2.6013076,Compres
synthbuster/firefly/r162b2209t.png,4.2004004,Shaprn
synthbuster/firefly/r162b2209t.png,4.130088,Gamma
synthbuster/firefly/r162b2209t.png,3.6740787,Wht/Drk
synthbuster/firefly/r162b2209t.png,4.4468627,Shadow
synthbuster/real_RAISE_1k/r10940798t.png,-1.0141138,Original
synthbuster/real_RAISE_1k/r10940798t.png,0.51264435,Equalize
synthbuster/real_RAISE_1k/r10940798t.png,-1.0141138,Gaussian
synthbuster/real_RAISE_1k/r10940798t.png,-1.278376,Median
synthbuster/real_RAISE_1k/r10940798t.png,-1.6456183,Blur
synthbuster/real_RAISE_1k/r10940798t.png,-0.620477,Resize
synthbuster/real_RAISE_1k/r10940798t.png,-1.0603352,S-Resolut
synthbuster/real_RAISE_1k/r10940798t.png,0.33138913,Grayscale
synthbuster/real_RAISE_1k/r10940798t.png,0.54105484,Compres
synthbuster/real_RAISE_1k/r10940798t.png,-1.0734508,Shaprn
synthbuster/real_RAISE_1k/r10940798t.png,-0.107404605,Gamma
synthbuster/real_RAISE_1k/r10940798t.png,0.4274039,Wht/Drk
synthbuster/real_RAISE_1k/r10940798t.png,1.3995765,Shadow
synthbuster/dalle2/r10940798t.png,2.6458092,Original
synthbuster/dalle2/r10940798t.png,2.9947796,Equalize
synthbuster/dalle2/r10940798t.png,1.2857931,Gaussian
synthbuster/dalle2/r10940798t.png,1.328396,Median
synthbuster/dalle2/r10940798t.png,1.3846412,Blur
synthbuster/dalle2/r10940798t.png,1.6379898,Resize
synthbuster/dalle2/r10940798t.png,2.8531208,S-Resolut
synthbuster/dalle2/r10940798t.png,3.1876614,Grayscale
synthbuster/dalle2/r10940798t.png,2.0258899,Compres
synthbuster/dalle2/r10940798t.png,1.4669398,Shaprn
synthbuster/dalle2/r10940798t.png,3.14254,Gamma
synthbuster/dalle2/r10940798t.png,2.583597,Wht/Drk
synthbuster/dalle2/r10940798t.png,3.214705,Shadow
synthbuster/dalle3/r10940798t.png,5.0667214,Original
synthbuster/dalle3/r10940798t.png,5.0520034,Equalize
synthbuster/dalle3/r10940798t.png,5.191866,Gaussian
synthbuster/dalle3/r10940798t.png,5.0350404,Median
synthbuster/dalle3/r10940798t.png,4.8196874,Blur
synthbuster/dalle3/r10940798t.png,4.7176533,Resize
synthbuster/dalle3/r10940798t.png,5.127112,S-Resolut
synthbuster/dalle3/r10940798t.png,4.9225597,Grayscale
synthbuster/dalle3/r10940798t.png,3.039611,Compres
synthbuster/dalle3/r10940798t.png,5.230014,Shaprn
synthbuster/dalle3/r10940798t.png,5.5438304,Gamma
synthbuster/dalle3/r10940798t.png,5.3620076,Wht/Drk
synthbuster/dalle3/r10940798t.png,5.0597014,Shadow
synthbuster/midjourney-v5/r10940798t.png,5.0511847,Original
synthbuster/midjourney-v5/r10940798t.png,5.128063,Equalize
synthbuster/midjourney-v5/r10940798t.png,5.0439095,Gaussian
synthbuster/midjourney-v5/r10940798t.png,3.8756535,Median
synthbuster/midjourney-v5/r10940798t.png,4.1865716,Blur
synthbuster/midjourney-v5/r10940798t.png,4.3497562,Resize
synthbuster/midjourney-v5/r10940798t.png,5.142868,S-Resolut
synthbuster/midjourney-v5/r10940798t.png,4.406366,Grayscale
synthbuster/midjourney-v5/r10940798t.png,3.01353,Compres
synthbuster/midjourney-v5/r10940798t.png,5.0983047,Shaprn
synthbuster/midjourney-v5/r10940798t.png,5.2817802,Gamma
synthbuster/midjourney-v5/r10940798t.png,5.153915,Wht/Drk
synthbuster/midjourney-v5/r10940798t.png,5.5114136,Shadow
synthbuster/firefly/r10940798t.png,4.4175797,Original
synthbuster/firefly/r10940798t.png,4.2962894,Equalize
synthbuster/firefly/r10940798t.png,3.8986993,Gaussian
synthbuster/firefly/r10940798t.png,3.9163883,Median
synthbuster/firefly/r10940798t.png,3.6690385,Blur
synthbuster/firefly/r10940798t.png,3.6636174,Resize
synthbuster/firefly/r10940798t.png,4.3686457,S-Resolut
synthbuster/firefly/r10940798t.png,3.985357,Grayscale
synthbuster/firefly/r10940798t.png,2.9596636,Compres
synthbuster/firefly/r10940798t.png,4.3307276,Shaprn
synthbuster/firefly/r10940798t.png,3.7152011,Gamma
synthbuster/firefly/r10940798t.png,4.2902026,Wht/Drk
synthbuster/firefly/r10940798t.png,4.617926,Shadow
